kms,name,price,year
51.000 Km, Chevrolet Aveo Family Mt 1500cc 4p Aa ,$ 20.500.000,2013
73.000 Km, Chevrolet Aveo ,$ 18.800.000,2010
76.000 Km, Chevrolet Aveo Family Mt 1600cc 4p Aa ,$ 17.000.000,2008
41.500 Km, Chevrolet Aveo Emotion 1.6l Mt Aa 1ab ,$ 21.500.000,2010
57.300 Km, Chevrolet Aveo ,$ 14.700.000,2008
65.000 Km, Chevrolet Aveo Gti Limited Mt 1600cc 3p Aa Ct ,$ 16.500.000,2008
97.000 Km, Chevrolet Aveo ,$ 14.500.000,2008
63.000 Km, Chevrolet Aveo ,$ 21.500.000,2011
62.400 Km, Chevrolet Aveo Sd At 1600cc 4p Aa ,$ 17.500.000,2009
72.922 Km, Chevrolet Aveo Sd Mt 1400cc 4p Sa ,$ 16.000.000,2007
118.000 Km, Chevrolet Aveo Sd Mt 1400cc 4p Aa ,$ 15.800.000,2008
57.000 Km, Chevrolet Aveo ,$ 16.600.000,2009
53.000 Km, Chevrolet Aveo Sd Mt 1600cc 4p Aa ,$ 21.900.000,2012
32.609 Km, Chevrolet Aveo 2012 ,$ 22.500.000,2012
80.000 Km, Chevrolet Aveo Ls Mt 1400cc Aa ,$ 14.500.000,2007
128.000 Km, Chevrolet Aveo Family Mt 1400cc Sa ,$ 15.900.000,2007
135.000 Km, Chevrolet Aveo Ls Mt 1400cc Sa ,$ 14.500.000,2006
32.000 Km, Chevrolet Aveo Mt ,$ 22.400.000,2014
35.000 Km, Chevrolet Aveo ,$ 21.000.000,2012
117.400 Km, Chevrolet Aveo ,$ 16.000.000,2009
23.000 Km, Chevrolet Aveo Family Mt 1500cc 4p Sa ,$ 22.000.000,2013
58.000 Km, Chevrolet Aveo Ls Mt 1600cc Aa ,$ 16.200.000,2009
130.300 Km, Chevrolet Aveo Ls Mt 1600cc Aa ,$ 14.500.000,2008
65.000 Km, Chevrolet Aveo Five Mt 1600cc 5p Aa 2ab ,$ 14.800.000,2007
35.000 Km, Chevrolet Aveo Family Mt 1500cc 4p Aa ,$ 19.500.000,2013
30.000 Km, Chevrolet Aveo Ls Mt 1600cc Aa ,$ 18.000.000,2010
22.000 Km, Chevrolet Aveo Sd Mt 1600cc 4p Aa ,$ 22.000.000,2012
86.000 Km, Chevrolet Aveo ,$ 16.300.000,2009
44.000 Km, Chevrolet Aveo ,$ 23.500.000,2012
50.000 Km, Chevrolet Aveo 2011 ,$ 18.800.000,2011
60.000 Km, Chevrolet Aveo Family Mt 1500cc 4p Sa ,$ 19.000.000,2012
53.000 Km, Chevrolet Aveo Ls Mt 1600cc Aa ,$ 20.500.000,2011
51.863 Km, Chevrolet Aveo ,$ 21.500.000,2012
34.000 Km, Chevrolet Aveo ,$ 24.000.000,2012
14.700 Km, Chevrolet Aveo Family Mt 1500cc 4p Aa ,$ 22.700.000,2012
66.000 Km, Chevrolet Aveo Ls Mt 1600cc Aa ,$ 24.000.000,2012
21.000 Km, Chevrolet Aveo ,$ 20.000.000,2011
24.000 Km, Chevrolet Aveo ,$ 20.000.000,2013
83.000 Km, Chevrolet Aveo Mt ,$ 15.100.000,2006
115.000 Km, Chevrolet Aveo ,$ 17.800.000,2009
73.000 Km, Chevrolet Aveo 2009 ,$ 17.900.000,2009
43.000 Km, Chevrolet Aveo Gti Mt 1600cc 3p Aa ,$ 18.300.000,2009
51.000 Km, Chevrolet Aveo ,$ 15.800.000,2008
85.000 Km, Chevrolet Aveo Gti Mt 1400cc 3p Aa ,$ 16.000.000,2007
72.000 Km, Chevrolet Aveo Sd Mt 1600cc 4p Aa ,$ 15.400.000,2008
86.000 Km, Chevrolet Aveo ,$ 17.000.000,2008
70.800 Km, Chevrolet Aveo ,$ 14.700.000,2008
61.500 Km, Chevrolet Aveo Sd Mt 1600cc 4p Aa ,$ 18.500.000,2011
70.000 Km, Chevrolet Aveo ,$ 18.000.000,2011
100.000 Km, Chevrolet Aveo Ls Mt 1400cc Sa ,$ 14.750.000,2008
45.000 Km, Chevrolet Aveo Gti Limited Mt 1600cc 3p Aa Ct ,$ 17.700.000,2009
42.209 Km, Chevrolet Aveo Sd Mt 1600cc 4p Aa ,$ 25.000.000,2013
23.500 Km, Chevrolet Aveo ,$ 22.500.000,2012
103.000 Km, Chevrolet Aveo ,$ 14.500.000,2006
134.132 Km, Chevrolet Aveo ,$ 13.300.000,2006
98.000 Km, Chevrolet Aveo Ls Mt 1400cc Sa ,$ 13.999.999,2007
21.220 Km, Chevrolet Aveo ,$ 19.500.000,2013
71.500 Km, Chevrolet Aveo Gti Mt 1400cc 3p Aa ,$ 16.700.000,2008
40.000 Km, Chevrolet Aveo Five Mt 1600cc 5p Aa 2ab ,$ 16.500.000,2008
47.000 Km, Chevrolet Aveo Five Mt 1600cc 5p Aa 1ab ,$ 15.900.000,2008
100.000 Km, Chevrolet Aveo Five Mt 1600cc 5p Aa 2ab ,$ 15.500.000,2008
25.000 Km, Chevrolet Aveo Family Mt 1500cc 4p Sa ,$ 17.900.000,2012
42.000 Km, Chevrolet Aveo Family Mt 1500cc 4p Sa ,$ 17.300.000,2012
77.000 Km, Chevrolet Aveo ,$ 14.900.000,2008
98.464 Km, Chevrolet Aveo Five Mt 1600cc 5p Aa 1ab ,$ 16.500.000,2008
37.000 Km, Chevrolet Aveo ,$ 18.390.000,2010
139.536 Km, Chevrolet Aveo Ls Mt 1400cc Aa ,$ 13.550.000,2006
85.000 Km, Chevrolet Aveo Ls Mt 1600cc Aa ,$ 16.100.000,2009
114.000 Km, Chevrolet Aveo Sd Mt 1400cc 4p Aa ,$ 15.500.000,2008
52.300 Km, Chevrolet Aveo Family Mt 1500cc 4p Sa ,$ 17.500.000,2012
56.000 Km, Chevrolet Aveo ,$ 18.500.000,2011
62.000 Km, Chevrolet Aveo Ls Mt 1600cc Aa ,$ 16.900.000,2009
144.450 Km, Chevrolet Aveo ,$ 13.500.000,2006
45.148 Km, Chevrolet Aveo 2010 ,$ 18.000.000,2010
97.000 Km, Chevrolet Aveo Gti Limited Mt 1600cc 3p Aa Ct ,$ 16.500.000,2008
63.000 Km, Chevrolet Aveo 2011 ,$ 18.500.000,2011
58.000 Km, Chevrolet Aveo ,$ 19.000.000,2011
76.000 Km, Chevrolet Aveo ,$ 16.700.000,2009
27.000 Km, Chevrolet Aveo ,$ 23.000.000,2013
45.000 Km, Chevrolet Aveo ,$ 21.000.000,2012
37.000 Km, Chevrolet Aveo ,$ 22.500.000,2012
20.000 Km, Chevrolet Aveo Sd Mt 1600cc 4p Aa ,$ 23.500.000,2012
140.000 Km, Chevrolet Aveo Gti Limited Mt 1400cc 3p Aa Ct ,$ 15.500.000,2007
36.000 Km, Chevrolet Aveo Family Mt 1500cc 4p Sa ,$ 20.000.000,2012
40.000 Km, Chevrolet Aveo Emotion 1.6l Mt Aa 2ab Abs ,$ 20.900.000,2010
15.046 Km, Chevrolet Aveo Family Mt 1500cc 4p Sa ,$ 22.000.000,2014
73.734 Km, Chevrolet Aveo ,$ 15.500.000,2007
75.000 Km, Chevrolet Aveo Gti Limited Mt 1600cc 3p Aa Ct ,$ 18.500.000,2009
40.000 Km, Chevrolet Aveo ,$ 20.500.000,2012
99.600 Km, Chevrolet Aveo Mt ,$ 16.000.000,2009
75.000 Km, Chevrolet Aveo ,$ 18.500.000,2010
48.000 Km, Chevrolet Aveo ,$ 20.500.000,2011
70.000 Km, Chevrolet Aveo Gti Mt 1600cc 3p Aa ,$ 17.300.000,2009
147.000 Km, Chevrolet Aveo ,$ 15.700.000,2008
47.100 Km, Chevrolet Aveo Sd Mt 1600cc 4p Sa ,$ 18.000.000,2009
75.000 Km, Chevrolet Aveo Sd Mt 1600cc 4p Aa ,$ 18.100.000,2009
62.000 Km, Chevrolet Aveo Sd Mt 1600cc 4p Aa ,$ 17.500.000,2008
46.561 Km, Chevrolet Aveo Ls Mt 1400cc Aa ,$ 15.700.000,2007
22.646 Km, Chevrolet Aveo Sd Mt 1600cc 4p Aa ,$ 23.000.000,2012
66.000 Km, Chevrolet Aveo Sd Mt 1600cc 4p Aa ,$ 19.900.000,2011
92.600 Km, Chevrolet Aveo Sd Mt 1400cc 4p Aa ,$ 16.900.000,2008
65.200 Km, Chevrolet Aveo Emotion Gt 1.6l Mt Aa Abs ,$ 19.000.000,2010
45.000 Km, Chevrolet Aveo Sd Mt 1600cc 4p Aa ,$ 21.000.000,2012
57.000 Km, Chevrolet Aveo Family Mt 1500cc 4p Aa ,$ 21.000.000,2013
29.000 Km, Chevrolet Aveo Sd Mt 1600cc 4p Aa ,$ 24.500.000,2013
74.000 Km, Chevrolet Aveo Gti Mt 1600cc 3p Aa ,$ 18.200.000,2009
22.500 Km, Chevrolet Aveo Sd At 1600cc 4p Aa ,$ 23.000.000,2012
47.000 Km, Chevrolet Aveo Five Mt 1600cc 5p Aa 1ab ,$ 21.400.000,2013
53.150 Km, Chevrolet Aveo ,$ 19.200.000,2012
48.000 Km, Chevrolet Aveo ,$ 20.500.000,2012
40.000 Km, Chevrolet Aveo ,$ 20.000.000,2012
24.000 Km, Chevrolet Aveo Sd Mt 1600cc 4p Aa ,$ 21.900.000,2013
25.210 Km, Chevrolet Aveo ,$ 19.000.000,2012
12.000 Km, Chevrolet Aveo Sd Mt 1600cc 4p Sa ,$ 25.000.000,2013
171.500 Km, Chevrolet Aveo Five Mt 1400cc 5p Aa 1ab ,$ 16.000.000,2008
45.000 Km, Chevrolet Aveo Sd Mt 1600cc 4p Aa ,$ 19.400.000,2010
109.740 Km, Chevrolet Aveo ,$ 14.500.000,2007
62.823 Km, Chevrolet Aveo Emotion Gt I 1.6l Mt 3 P Aa ,$ 21.800.000,2010
21.341 Km, Chevrolet Aveo ,$ 23.500.000,2013
28.000 Km, Chevrolet Aveo ,$ 23.700.000,2013
104.000 Km, Chevrolet Aveo Gti Limited Mt 1400cc 3p Aa Ct ,$ 15.800.000,2008
52.000 Km, Chevrolet Aveo ,$ 18.000.000,2011
56.000 Km, Chevrolet Aveo Sd Mt 1600cc 4p Aa ,$ 16.900.000,2009
26.300 Km, Chevrolet Aveo Sd Mt 1600cc 4p Aa ,$ 19.900.000,2011
82.525 Km, Chevrolet Aveo Gti Limited Mt 1600cc 3p Aa Ct ,$ 17.500.000,2009
78.000 Km, Chevrolet Aveo Five Mt 1600cc 5p Aa 2ab ,$ 16.600.000,2009
175.000 Km, Chevrolet Aveo ,$ 17.200.000,2009
73.000 Km, Chevrolet Aveo Five Mt 1600cc 5p Aa 1ab ,$ 16.500.000,2009
35.000 Km, Chevrolet Aveo ,$ 19.500.000,2013
42.000 Km, Chevrolet Aveo Sd Mt 1600cc 4p Aa ,$ 20.500.000,2012
150.000 Km, Chevrolet Aveo Ls Mt 1400cc Aa ,$ 14.300.000,2006
58.626 Km, Chevrolet Aveo ,$ 23.500.000,2011
73.000 Km, Chevrolet Aveo Gti Mt 1600cc 3p Aa ,$ 17.000.000,2009
78.700 Km, Chevrolet Aveo Ls Mt 1400cc Aa ,$ 15.000.000,2007
43.500 Km, Chevrolet Aveo ,$ 19.500.000,2012
58.300 Km, Chevrolet Aveo ,$ 16.500.000,2009
100.000 Km, Chevrolet Aveo Gti Limited Mt 1400cc 3p Aa Ct ,$ 16.700.000,2008
40.622 Km, Chevrolet Aveo ,$ 22.000.000,2012
40.000 Km, Chevrolet Aveo Family Mt 1500cc 4p Aa ,$ 20.200.000,2012
54.000 Km, Chevrolet Aveo Sd Mt 1600cc 4p Aa ,$ 18.900.000,2010
80.000 Km, Chevrolet Aveo Sd Mt 1400cc 4p Aa ,$ 15.990.000,2008
42.000 Km, Chevrolet Aveo Family Mt 1600cc 4p Aa ,$ 20.500.000,2012
78.960 Km, Chevrolet Aveo Sd Mt 1600cc 4p Aa ,$ 18.000.000,2008
21.400 Km, Chevrolet Aveo Sd Mt 1600cc 4p Aa ,$ 23.500.000,2013
78.960 Km, Chevrolet Aveo Sd Mt 1600cc 4p Aa ,$ 18.000.000,2008
21.400 Km, Chevrolet Aveo Sd Mt 1600cc 4p Aa ,$ 23.500.000,2013
69.000 Km, Chevrolet Aveo Gti Limited Mt 1400cc 3p Aa Ct ,$ 32.000.000,2008
37.000 Km, Chevrolet Aveo Gti Limited Mt 1600cc 3p Aa Ct ,$ 18.500.000,2008
110.000 Km, Chevrolet Aveo Ls Mt 1600cc Aa ,$ 16.200.000,2009
111.000 Km, Chevrolet Aveo ,$ 15.500.000,2008
108.000 Km, Chevrolet Aveo Sd Mt 1600cc 4p Aa ,$ 17.000.000,2008
126.000 Km, Chevrolet Aveo ,$ 17.000.000,2008
90.000 Km, Chevrolet Aveo ,$ 16.500.000,2009
48.000 Km, Chevrolet Aveo Sd Mt 1600cc 4p Aa ,$ 18.500.000,2010
58.455 Km, Chevrolet Aveo 2010 ,$ 19.500.000,2010
111.800 Km, Chevrolet Aveo Gti Mt 1400cc 3p Aa ,$ 17.000.000,2007
20.000 Km, Chevrolet Aveo ,$ 21.500.000,2012
57.000 Km, Chevrolet Aveo ,$ 16.900.000,2009
41.900 Km, Chevrolet Aveo Family Mt 1600cc 4p Aa ,$ 20.000.000,2011
60.000 Km, Chevrolet Aveo ,$ 15.800.000,2007
74.000 Km, Chevrolet Aveo ,$ 16.400.000,2008
58.000 Km, Chevrolet Aveo ,$ 20.500.000,2011
21.000 Km, Chevrolet Aveo ,$ 20.800.000,2011
124.700 Km, Chevrolet Aveo Five Mt 1600cc 5p Sa 1ab ,$ 15.800.000,2008
63.000 Km, Chevrolet Aveo ,$ 16.200.000,2008
46.600 Km, Chevrolet Aveo ,$ 20.000.000,2011
32.000 Km, Chevrolet Aveo Family Mt 1500cc 4p Sa ,$ 20.500.000,2012
80.000 Km, Chevrolet Aveo Family Mt 1600cc 4p Aa ,$ 18.600.000,2011
54.900 Km, Chevrolet Aveo Sd Mt 1600cc 4p Aa ,$ 20.000.000,2011
95.000 Km, Chevrolet Aveo Sd Mt 1600cc 4p Aa ,$ 16.300.000,2009
24.000 Km, Chevrolet Aveo ,$ 23.900.000,2013
44.000 Km, Chevrolet Aveo Ls Mt 1600cc Aa ,$ 18.500.000,2010
36.719 Km, Chevrolet Aveo Sd Mt 1600cc 4p Aa ,$ 18.700.000,2011
56.000 Km, Chevrolet Aveo ,$ 16.800.000,2009
54.316 Km, Chevrolet Aveo ,$ 21.800.000,2012
60.000 Km, Chevrolet Aveo ,$ 16.500.000,2009
22.317 Km, Chevrolet Aveo ,$ 27.000.000,2013
37.398 Km, Chevrolet Aveo Family Mt 1500cc 4p Aa ,$ 19.000.000,2010
60.000 Km, Chevrolet Aveo 2010 ,$ 19.000.000,2010
22.000 Km, Chevrolet Aveo Sd Mt 1600cc 4p Aa ,$ 23.000.000,2012
111.000 Km, Chevrolet Aveo Five Mt 1600cc 5p Aa 1ab ,$ 16.800.000,2008
38.000 Km, Chevrolet Aveo ,$ 20.800.000,2012
84.000 Km, Chevrolet Aveo ,$ 17.000.000,2009
56.000 Km, Chevrolet Aveo ,$ 21.000.000,2012
69.000 Km, Chevrolet Aveo Ls Mt 1600cc Aa ,$ 17.999.000,2008
36.000 Km, Chevrolet Aveo Sd Mt 1600cc 4p Aa ,$ 20.500.000,2012
37.000 Km, Chevrolet Aveo Family Mt 1500cc 4p Aa ,$ 19.500.000,2011
28.300 Km, Chevrolet Aveo Family Mt 1400cc Sa ,$ 19.500.000,2013
56.000 Km, Chevrolet Aveo ,$ 18.500.000,2011
97.596 Km, Chevrolet Aveo Sd At 1600cc 4p Aa ,$ 21.000.000,2012
74.673 Km, Chevrolet Aveo Emotion Gt 1.6l Mt 5p Aa 1ab ,$ 23.500.000,2012
65.000 Km, Chevrolet Aveo Five Mt 1600cc 5p Sa 1ab ,$ 17.000.000,2009
81.000 Km, Chevrolet Aveo ,$ 17.800.000,2008
40.275 Km, Chevrolet Aveo Family Mt 1500cc 4p Aa ,$ 20.000.000,2011
56.000 Km, Chevrolet Aveo Family Mt 1500cc 4p Sa ,$ 18.600.000,2012
45.484 Km, Chevrolet Aveo Sd At 1600cc 4p Aa ,$ 18.000.000,2009
35.000 Km, Chevrolet Aveo ,$ 20.500.000,2012
50.000 Km, Chevrolet Aveo ,$ 21.000.000,2012
68.000 Km, Chevrolet Aveo Sd Mt 1600cc 4p Aa ,$ 15.900.000,2008
101.077 Km, Chevrolet Aveo Sd Mt 1600cc 4p Aa ,$ 20.500.000,2012
66.800 Km, Chevrolet Aveo Sd Mt 1600cc 4p Aa ,$ 15.800.000,2009
69.000 Km, Chevrolet Aveo Five Especial Next Mt 1600cc 5p... ,$ 19.000.000,2009
15.520 Km, Chevrolet Aveo ,$ 21.000.000,2014
110.000 Km, Chevrolet Aveo Gti Mt 1400cc 3p Sa ,$ 14.500.000,2007
49.000 Km, Chevrolet Aveo Emotion Gt 1.6l Mt Aa Abs ,$ 21.000.000,2010
53.000 Km, Chevrolet Aveo Emotion Gt I 1.6l Mt 3 P Aa ,$ 18.500.000,2010
113.000 Km, Chevrolet Aveo ,$ 16.000.000,2009
38.000 Km, Chevrolet Aveo Family Mt 1500cc 4p Aa ,$ 17.500.000,2010
79.000 Km, Chevrolet Aveo ,$ 18.500.000,2010
68.000 Km, Chevrolet Aveo Ls Mt 1400cc Aa ,$ 15.200.000,2008
75.000 Km, Chevrolet Aveo ,$ 15.700.000,2008
57.000 Km, Chevrolet Aveo Mt ,$ 16.500.000,2010
87.000 Km, Chevrolet Aveo Gti Limited Mt 1600cc 3p Aa Ct ,$ 17.000.000,2009
93.000 Km, Chevrolet Aveo ,$ 18.000.000,2011
112.500 Km, Chevrolet Aveo ,$ 16.000.000,2007
65.000 Km, Chevrolet Aveo Gti Mt 1400cc 3p Aa ,$ 15.000.000,2007
60.000 Km, Chevrolet Aveo Sd Mt 1600cc 4p Aa ,$ 18.200.000,2010
58.000 Km, Chevrolet Aveo Sd Mt 1600cc 4p Aa ,$ 18.000.000,2009
68.000 Km, Chevrolet Aveo Family Mt 1500cc 4p Sa ,$ 16.300.000,2010
115.000 Km, Chevrolet Aveo Gti Mt 1400cc 3p Sa ,$ 13.500.000,2006
107.800 Km, Chevrolet Aveo ,$ 14.500.000,2006
28.800 Km, Chevrolet Aveo ,$ 19.900.000,2011
110.000 Km, Chevrolet Aveo ,$ 15.000.000,2008
75.000 Km, Chevrolet Aveo Ls Mt 1600cc Aa ,$ 18.500.000,2010
110.000 Km, Chevrolet Aveo Gti Mt 1600cc 3p Aa ,$ 21.000.000,2009
56.000 Km, Chevrolet Aveo Sd Mt 1600cc 4p Aa ,$ 19.200.000,2012
85.000 Km, Chevrolet Aveo Family Mt 1500cc 4p Sa ,$ 15.800.000,2010
33.400 Km, Chevrolet Aveo Family Mt 1500cc 4p Sa ,$ 18.500.000,2013
108.000 Km, Chevrolet Aveo Sd Mt 1400cc 4p Aa ,$ 15.800.000,2008
25.000 Km, Chevrolet Aveo Family Mt 1500cc 4p Sa ,$ 18.500.000,2012
80.000 Km, Chevrolet Aveo Sd Mt 1600cc 4p Aa ,$ 16.000.000,2009
45.900 Km, Chevrolet Aveo Gti Limited Edicion Especial Mt... ,$ 17.700.000,2009
40.000 Km, Chevrolet Aveo Family Mt 1500cc 4p Aa ,$ 19.500.000,2012
79.000 Km, Chevrolet Aveo ,$ 16.000.000,2009
47.000 Km, Chevrolet Aveo ,$ 20.900.000,2013
74.940 Km, Chevrolet Aveo Sd Mt 1600cc 4p Aa ,$ 17.900.000,2010
15.000 Km, Chevrolet Aveo 2014 ,$ 29.000.000,2014
60.500 Km, Chevrolet Aveo ,$ 16.200.000,2007
99.000 Km, Chevrolet Aveo ,$ 16.700.000,2009
62.940 Km, Chevrolet Aveo Five Mt 1600cc 5p Aa 1ab ,$ 17.500.000,2009
34.000 Km, Chevrolet Aveo Sd Mt 1600cc 4p Aa ,$ 21.700.000,2013
46.725 Km, Chevrolet Aveo Family Mt 1500cc 4p Sa ,$ 16.700.000,2011
59.000 Km, Chevrolet Aveo Gti Limited Mt 1600cc 3p Aa Ct ,$ 22.000.000,2009
57.000 Km, Chevrolet Aveo Family Mt 1500cc 4p Sa ,$ 18.500.000,2012
69.000 Km, Chevrolet Aveo ,$ 16.800.000,2009
42.888 Km, Chevrolet Aveo Sd Mt 1600cc 4p Aa ,$ 21.000.000,2012
46.000 Km, Chevrolet Aveo Family Mt 1500cc 4p Sa ,$ 20.500.000,2013
50.000 Km, Chevrolet Aveo ,$ 19.000.000,2012
52.000 Km, Chevrolet Aveo Five Mt 1600cc 5p Aa 1ab ,$ 16.000.000,2008
63.500 Km, Chevrolet Aveo Family Mt 1400cc Sa ,$ 17.300.000,2011
23.000 Km, Chevrolet Aveo Family Mt 1500cc 4p Aa ,$ 19.000.000,2013
25.000 Km, Chevrolet Aveo ,$ 19.700.000,2011
18.400 Km, Chevrolet Aveo Emotion 1.6l Mt Aa 2ab Abs ,$ 23.200.000,2012
36.000 Km, Chevrolet Aveo ,$ 20.500.000,2012
88.000 Km, Chevrolet Aveo Ls Mt 1400cc Aa ,$ 16.200.000,2007
72.300 Km, Chevrolet Aveo ,$ 14.800.000,2008
64.000 Km, Chevrolet Aveo Sd Mt 1600cc 4p Aa ,$ 20.500.000,2011
101.200 Km, Chevrolet Aveo Mt ,$ 15.500.000,2008
25.000 Km, Chevrolet Aveo ,$ 17.800.000,2011
90.000 Km, Chevrolet Aveo Sd Mt 1600cc 4p Sa ,$ 15.500.000,2009
42.000 Km, Chevrolet Aveo ,$ 22.000.000,2012
105.000 Km, Chevrolet Aveo Sd Mt 1400cc 4p Aa ,$ 14.200.000,2007
69.600 Km, Chevrolet Aveo Sd Mt 1600cc 4p Sa ,$ 16.500.000,2009
120.000 Km, Chevrolet Aveo Ls Mt 1400cc Aa ,$ 17.000.000,2007
13.100 Km, Chevrolet Aveo Sd Mt 1600cc 4p Aa ,$ 23.000.000,2013
11.441 Km, Chevrolet Aveo ,$ 22.500.000,2011
23.758 Km, Chevrolet Aveo Family Mt 1500cc 4p Aa ,$ 23.000.000,2012
60.859 Km, Chevrolet Aveo ,$ 19.000.000,2011
32.000 Km, Chevrolet Aveo Emotion 1.6l Mt Aa 1ab ,$ 21.000.000,2012
45.000 Km, Chevrolet Aveo ,$ 20.600.000,2012
59.700 Km, Chevrolet Aveo 2008 ,$ 16.500.000,2008
81.000 Km, Chevrolet Aveo Family Mt 1600cc 4p Aa ,$ 15.300.000,2008
28.000 Km, Chevrolet Aveo Family Mt 1500cc 4p Aa ,$ 21.000.000,2012
95.277 Km, Chevrolet Aveo Gti Limited Mt 1600cc 3p Aa Ct ,$ 17.500.000,2009
72.000 Km, Chevrolet Aveo ,$ 16.200.000,2008
41.000 Km, Chevrolet Aveo ,$ 18.000.000,2009
65.286 Km, Chevrolet Aveo Sd Mt 1400cc 4p Aa ,$ 15.500.000,2007
35.461 Km, Chevrolet Aveo Sd Mt 1600cc 4p Aa ,$ 21.000.000,2011
73.000 Km, Chevrolet Aveo ,$ 16.300.000,2008
82.500 Km, Chevrolet Aveo Sd At 1600cc 4p Aa ,$ 15.900.000,2010
91.500 Km, Chevrolet Aveo ,$ 15.500.000,2008
64.500 Km, Chevrolet Aveo Ls Mt 1600cc Aa ,$ 16.500.000,2008
13.500 Km, Chevrolet Aveo Family Mt 1500cc 4p Sa ,$ 21.000.000,2013
43.223 Km, Chevrolet Aveo Sd Mt 1600cc 4p Aa ,$ 20.200.000,2012
48.000 Km, Chevrolet Aveo Gti Limited Mt 1600cc 3p Aa Ct ,$ 17.200.000,2009
28.500 Km, Chevrolet Aveo ,$ 21.000.000,2013
75.000 Km, Chevrolet Aveo ,$ 16.000.000,2008
87.000 Km, Chevrolet Aveo ,$ 14.800.000,2007
60.000 Km, Chevrolet Aveo Family Mt 1500cc 4p Sa ,$ 16.100.000,2010
114.000 Km, Chevrolet Aveo Gti Mt 1600cc 3p Aa ,$ 15.500.000,2008
32.000 Km, Chevrolet Aveo ,$ 23.000.000,2012
58.000 Km, Chevrolet Aveo Gti Limited Mt 1600cc 3p Aa Ct ,$ 17.200.000,2008
97.000 Km, Chevrolet Aveo Five Mt 1600cc 5p Aa 1ab ,$ 15.500.000,2008
55.800 Km, Chevrolet Aveo Family Mt 1500cc 4p Sa ,$ 14.800.000,2009
40.000 Km, Chevrolet Aveo Sd Mt 1600cc 4p Aa ,$ 21.400.000,2012
55.000 Km, Chevrolet Aveo Mt ,$ 18.000.000,2008
39.500 Km, Chevrolet Aveo ,$ 19.500.000,2011
60.000 Km, Chevrolet Aveo Family Mt 1500cc 4p Aa ,$ 18.000.000,2012
36.720 Km, Chevrolet Aveo Family Mt 1500cc 4p Aa ,$ 17.900.000,2011
36.700 Km, Chevrolet Aveo Sd Mt 1600cc 4p Aa ,$ 19.500.000,2012
74.000 Km, Chevrolet Aveo Family Mt 1500cc 4p Aa ,$ 17.800.000,2010
41.000 Km, Chevrolet Aveo Gti Mt 1400cc 3p Aa ,$ 25.900.000,2007
89.000 Km, Chevrolet Aveo Gti Mt 1400cc 3p Aa ,$ 15.900.000,2008
28.500 Km, Chevrolet Aveo Sd Mt 1600cc 4p Aa ,$ 23.000.000,2012
69.000 Km, Chevrolet Aveo Gti Limited Mt 1400cc 3p Aa Ct ,$ 15.500.000,2007
91.000 Km, Chevrolet Aveo ,$ 15.800.000,2006
110.000 Km, Chevrolet Aveo Ls Mt 1400cc Aa ,$ 15.500.000,2007
19.500 Km, Chevrolet Aveo Family Mt 1500cc 4p Sa ,$ 18.900.000,2013
90.000 Km, Chevrolet Aveo Sd At 1600cc 4p Aa ,$ 18.500.000,2009
62.000 Km, Chevrolet Aveo Family Mt 1500cc 4p Aa ,$ 17.400.000,2011
69.000 Km, Chevrolet Aveo Ls Mt 1600cc Aa ,$ 16.900.000,2010
27.000 Km, Chevrolet Aveo Family Mt 1500cc 4p Sa ,$ 17.200.000,2011
45.000 Km, Chevrolet Aveo Family Mt 1500cc 4p Sa ,$ 16.500.000,2011
170.000 Km, Chevrolet Aveo Ls Mt 1400cc Aa ,$ 14.900.000,2007
73.000 Km, Chevrolet Aveo Five Mt 1400cc 5p Aa 1ab ,$ 14.800.000,2007
69.253 Km, Chevrolet Aveo Gti Mt 1400cc 3p Sa ,$ 14.000.000,2008
120.000 Km, Chevrolet Aveo Five Mt 1400cc 5p Aa 1ab ,$ 15.500.000,2008
95.800 Km, Chevrolet Aveo ,$ 14.900.000,2006
40.000 Km, Chevrolet Aveo Five Mt 1600cc 5p Sa 1ab ,$ 17.000.000,2009
97.000 Km, Chevrolet Aveo Sd Mt 1400cc 4p Aa ,$ 15.200.000,2007
42.000 Km, Chevrolet Aveo Sd Mt 1600cc 4p Aa ,$ 18.500.000,2010
61.534 Km, Chevrolet Aveo ,$ 18.500.000,2010
51.000 Km, Chevrolet Aveo Sd At 1600cc 4p Aa ,$ 16.400.000,2008
33.000 Km, Chevrolet Aveo Sd Mt 1600cc 4p Aa ,$ 17.700.000,2008
38.000 Km, Chevrolet Aveo Ls Mt 1600cc Aa ,$ 21.200.000,2013
45.500 Km, Chevrolet Aveo Five Mt 1600cc 5p Aa 2ab ,$ 21.500.000,2009
122.297 Km, Chevrolet Aveo Five Mt 1600cc 5p Aa 2ab ,$ 15.500.000,2008
55.000 Km, Chevrolet Aveo Five Mt 1600cc 5p Sa 1ab ,$ 15.600.000,2009
64.000 Km, Chevrolet Aveo Five At 1600cc 5p Ven ,$ 18.500.000,2009
28.000 Km, Chevrolet Aveo ,$ 16.700.000,2009
160.000 Km, Chevrolet Aveo Ls Mt 1400cc Sa ,$ 15.200.000,2007
80.000 Km, Chevrolet Aveo Ls ,$ 17.500.000,2009
24.500 Km, Chevrolet Aveo Family Mt 1500cc 4p Aa ,$ 21.500.000,2013
116.300 Km, Chevrolet Aveo Gti Limited Mt 1600cc 3p Aa Ct ,$ 16.000.000,2008
58.000 Km, Chevrolet Aveo 2012 ,$ 18.000.000,2012
32.000 Km, Chevrolet Aveo Ls Mt 1600cc Aa ,$ 22.500.000,2013
60.000 Km, Chevrolet Aveo Ls Mt 1600cc Aa ,$ 16.900.000,2010
44.000 Km, Chevrolet Aveo Five Mt 1600cc 5p Aa 1ab ,$ 16.300.000,2008
32.000 Km, Chevrolet Aveo Ls Mt 1600cc Aa ,$ 18.300.000,2011
73.000 Km, Chevrolet Aveo 2007 ,$ 15.500.000,2007
99.000 Km, Chevrolet Aveo ,$ 14.900.000,2007
45.000 Km, Chevrolet Aveo ,$ 20.000.000,2012
77.000 Km, Chevrolet Aveo Gti Limited Mt 1400cc 3p Aa Ct ,$ 14.900.000,2007
91.250 Km, Chevrolet Aveo Ls Mt 1600cc Aa ,$ 15.000.000,2006
140.000 Km, Chevrolet Aveo ,$ 13.800.000,2006
105.000 Km, Chevrolet Aveo ,$ 15.000.000,2008
68.288 Km, Chevrolet Aveo Sd Mt 1600cc 4p Aa ,$ 20.000.000,2009
70.000 Km, Chevrolet Aveo Sd Mt 1600cc 4p Aa ,$ 15.900.000,2009
90.462 Km, Chevrolet Aveo Ls Mt 1400cc Sa ,$ 14.800.000,2007
50.000 Km, Chevrolet Aveo ,$ 22.000.000,2012
98.000 Km, Chevrolet Aveo Sd Mt 1600cc 4p Sa ,$ 15.500.000,2009
87.000 Km, Chevrolet Aveo Ls Mt 1600cc Aa ,$ 16.400.000,2009
122.000 Km, Chevrolet Aveo ,$ 15.000.000,2008
81.000 Km, Chevrolet Aveo Gti Mt 1400cc 3p Aa ,$ 16.000.000,2007
77.000 Km, Chevrolet Aveo Sd Mt 1600cc 4p Aa ,$ 18.300.000,2010
67.000 Km, Chevrolet Aveo Five Especial Next Mt 1600cc 5p... ,$ 15.000.000,2007
80.000 Km, Chevrolet Aveo Gti Mt 1600cc 3p Aa ,$ 14.500.000,2008
42.500 Km, Chevrolet Aveo Family Mt 1500cc 4p Sa ,$ 17.500.000,2011
130.000 Km, Chevrolet Aveo Sd Mt 1400cc 4p Sa ,$ 14.200.000,2006
82.000 Km, Chevrolet Aveo Ls Mt 1400cc Sa ,$ 14.400.000,2007
154.000 Km, Chevrolet Aveo Gti Mt 1400cc 3p Aa ,$ 15.500.000,2006
41.800 Km, Chevrolet Aveo Family Mt 1500cc 4p Aa ,$ 21.300.000,2012
29.000 Km, Chevrolet Aveo Gti Mt 1600cc 3p Aa ,$ 20.000.000,2011
30.000 Km, Chevrolet Aveo Sd At 1600cc 4p Aa ,$ 21.800.000,2012
81.224 Km, Chevrolet Aveo Ls Mt 1600cc Aa ,$ 16.500.000,2009
74.000 Km, Chevrolet Aveo Gti Mt 1600cc 3p Aa ,$ 16.500.000,2009
42.600 Km, Chevrolet Aveo ,$ 20.500.000,2011
50.000 Km, Chevrolet Aveo Family Mt 1500cc 4p Sa ,$ 18.000.000,2012
40.840 Km, Chevrolet Aveo 2009 ,$ 22.900.000,2009
30.000 Km, Chevrolet Aveo Family Mt 1500cc 4p Aa ,$ 19.300.000,2012
63.680 Km, Chevrolet Aveo Gti Mt 1600cc 3p Aa ,$ 15.800.000,2009
65.000 Km, Chevrolet Aveo Sd Mt 1600cc 4p Aa ,$ 19.300.000,2011
47.600 Km, Chevrolet Aveo Gti Mt 1600cc 3p Aa ,$ 18.000.000,2007
54.500 Km, Chevrolet Aveo Family Mt 1500cc 4p Sa ,$ 17.500.000,2012
23.000 Km, Chevrolet Aveo Mt ,$ 22.500.000,2012
46.600 Km, Chevrolet Aveo 2011 ,$ 19.000.000,2011
64.500 Km, Chevrolet Aveo Gti Limited Mt 1600cc 3p Aa Ct ,$ 16.500.000,2008
53.165 Km, Chevrolet Aveo Sd Mt 1600cc 4p Aa ,$ 21.500.000,2013
70.000 Km, Chevrolet Aveo Sd Mt 1600cc 4p Aa ,$ 17.500.000,2008
33.015 Km, Chevrolet Aveo ,$ 28.000.000,2013
78.253 Km, Chevrolet Aveo Ls Mt 1400cc Aa ,$ 14.900.000,2008
17.000 Km, Chevrolet Aveo Family Mt 1500cc 4p Sa ,$ 23.500.000,2013
40.000 Km, Chevrolet Aveo Family Mt 1500cc 4p Aa ,$ 18.900.000,2011
17.000 Km, Chevrolet Aveo Family Mt 1500cc 4p Sa ,$ 23.500.000,2013
40.000 Km, Chevrolet Aveo Family Mt 1500cc 4p Aa ,$ 18.900.000,2011
120.000 Km, Chevrolet Aveo Sd Mt 1600cc 4p Aa ,$ 14.700.000,2008
55.000 Km, Chevrolet Aveo ,$ 15.000.000,2006
13.500 Km, Chevrolet Aveo Family Mt 1500cc 4p Sa ,$ 23.000.000,2014
62.000 Km, Chevrolet Aveo Gti Limited Mt 1600cc 3p Aa Ct ,$ 17.200.000,2009
130.000 Km, Chevrolet Aveo ,$ 14.200.000,2007
63.000 Km, Chevrolet Aveo Mt ,$ 16.800.000,2009
60.000 Km, Chevrolet Aveo ,$ 14.500.000,2008
106.000 Km, Chevrolet Aveo Gti Mt 1400cc 3p Aa ,$ 15.700.000,2007
80.000 Km, Chevrolet Aveo ,$ 13.900.000,2007
49.000 Km, Chevrolet Aveo Family Mt 1500cc 4p Aa ,$ 16.800.000,2010
22.000 Km, Chevrolet Aveo ,$ 19.000.000,2012
64.400 Km, Chevrolet Aveo Family Mt 1500cc 4p Sa ,$ 17.500.000,2011
120.000 Km, Chevrolet Aveo Gti Mt 1400cc 3p Aa ,$ 13.900.000,2006
50.000 Km, Chevrolet Aveo Five Mt 1600cc 5p Aa 1ab ,$ 16.300.000,2009
49.000 Km, Chevrolet Aveo ,$ 20.500.000,2011
45.720 Km, Chevrolet Aveo Ls Mt 1400cc Aa ,$ 14.500.000,2007
28.200 Km, Chevrolet Aveo Sd Mt 1600cc 4p Aa ,$ 23.000.000,2012
60.000 Km, Chevrolet Aveo ,$ 19.000.000,2010
39.000 Km, Chevrolet Aveo ,$ 19.900.000,2012
4.500 Km, Chevrolet Aveo Sd Mt 1600cc 4p Aa ,$ 24.500.000,2013
110.000 Km, Chevrolet Aveo ,$ 13.800.000,2006
65.000 Km, Chevrolet Aveo ,$ 13.900.000,2006
73.000 Km, Chevrolet Aveo Ls Mt 1400cc Aa ,$ 14.200.000,2007
120.000 Km, Chevrolet Aveo ,$ 13.500.000,2006
117.000 Km, Chevrolet Aveo Gti Limited Mt 1400cc 3p Aa Ct ,$ 14.400.000,2006
39.000 Km, Chevrolet Aveo Sd Mt 1600cc 4p Aa ,$ 16.900.000,2009
34.380 Km, Chevrolet Aveo Ls Mt 1600cc Aa ,$ 22.500.000,2011
82.000 Km, Chevrolet Aveo Gti Mt 1600cc 3p Aa ,$ 15.200.000,2008
67.000 Km, Chevrolet Aveo Sd Mt 1600cc 4p Aa ,$ 18.500.000,2010
29.480 Km, Chevrolet Aveo ,$ 18.000.000,2012
57.674 Km, Chevrolet Aveo Ls Mt 1600cc Aa ,$ 16.500.000,2009
40.000 Km, Chevrolet Aveo ,$ 16.000.000,2008
53.000 Km, Chevrolet Aveo Mt ,$ 18.500.000,2010
73.000 Km, Chevrolet Aveo Five Mt 1600 Cc Aa 2ab ,$ 18.000.000,2009
47.000 Km, Chevrolet Aveo ,$ 22.000.000,2009
102.000 Km, Chevrolet Aveo ,$ 15.500.000,2007
37.300 Km, Chevrolet Aveo Sd Mt 1600cc 4p Aa ,$ 19.000.000,2010
57.800 Km, Chevrolet Aveo Emotion 1.6l Mt Aa 1ab ,$ 19.500.000,2010
38.000 Km, Chevrolet Aveo ,$ 18.200.000,2012
87.400 Km, Chevrolet Aveo Ls Mt 1600cc Aa ,$ 17.500.000,2008
32.050 Km, Chevrolet Aveo Family Mt 1500cc 4p Sa ,$ 20.000.000,2012
31.000 Km, Chevrolet Aveo ,$ 22.000.000,2012
118.000 Km, Chevrolet Aveo Ls Mt 1600cc Aa ,$ 16.500.000,2008
32.000 Km, Chevrolet Aveo Family Mt 1500cc 4p Sa ,$ 20.000.000,2012
49.000 Km, Chevrolet Aveo Gti Mt 1600cc 3p Aa ,$ 17.500.000,2009
57.800 Km, Chevrolet Aveo Gti Mt 1400cc 3p Aa ,$ 16.200.000,2007
112.691 Km, Chevrolet Aveo ,$ 21.000.000,2011
133.000 Km, Chevrolet Aveo Gti Mt 1400cc 3p Aa ,$ 15.300.000,2007
45.362 Km, Chevrolet Aveo Family Mt 1500cc 4p Sa ,$ 17.300.000,2010
65.000 Km, Chevrolet Aveo ,$ 15.500.000,2007
83.300 Km, Chevrolet Aveo ,$ 18.000.000,2010
125.000 Km, Chevrolet Aveo Ls Mt 1400cc Sa ,$ 14.500.000,2006
62.000 Km, Chevrolet Aveo ,$ 17.500.000,2008
70.142 Km, Chevrolet Aveo Five Mt 1600cc 5p Aa 1ab ,$ 17.000.000,2009
35.400 Km, Chevrolet Aveo Sd Mt 1600cc 4p Aa ,$ 22.000.000,2012
86.250 Km, Chevrolet Aveo Sd Mt 1600cc 4p Aa ,$ 16.300.000,2008
55.000 Km, Chevrolet Aveo Sd Mt 1600cc 4p Aa ,$ 19.000.000,2010
60.000 Km, Chevrolet Aveo Sd Mt 1600cc 4p Aa ,$ 16.500.000,2008
68.000 Km, Chevrolet Aveo Sd Mt 1600cc 4p Aa ,$ 20.000.000,2012
55.000 Km, Chevrolet Aveo Sd Mt 1600cc 4p Aa ,$ 16.800.000,2009
98.000 Km, Chevrolet Aveo ,$ 18.500.000,2008
40.000 Km, Chevrolet Aveo Sd Mt 1600cc 4p Aa ,$ 24.000.000,2013
83.000 Km, Chevrolet Aveo Gti Limited Mt 1600cc 3p Aa Ct ,$ 17.200.000,2009
84.000 Km, Chevrolet Aveo Sd Mt 1600cc 4p Aa ,$ 17.500.000,2009
56.000 Km, Chevrolet Aveo ,$ 17.500.000,2009
45.000 Km, Chevrolet Aveo ,$ 19.000.000,2012
40.899 Km, Chevrolet Aveo Sd At 1600cc 4p Aa ,$ 19.500.000,2011
46.000 Km, Chevrolet Aveo Five Mt 1600cc 5p Aa 1ab ,$ 17.000.000,2009
98.000 Km, Chevrolet Aveo Five Mt 1600cc 5p Aa 1ab ,$ 17.000.000,2009
52.500 Km, Chevrolet Aveo Sd Mt 1600cc 4p Aa ,$ 17.200.000,2008
65.000 Km, Chevrolet Aveo Sd Mt 1400cc 4p Aa ,$ 16.000.000,2008
44.500 Km, Chevrolet Aveo Emotion 1.6l Mt Aa 2ab Abs ,$ 17.500.000,2009
119.000 Km, Chevrolet Aveo ,$ 16.800.000,2008
120.000 Km, Chevrolet Aveo ,$ 15.200.000,2006
100.154 Km, Chevrolet Aveo ,$ 15.200.000,2007
97.460 Km, Chevrolet Aveo ,$ 18.000.000,2009
65.000 Km, Chevrolet Aveo Five Mt 1600cc 5p Aa 1ab ,$ 16.500.000,2008
79.300 Km, Chevrolet Aveo Gti Limited Mt 1600cc 3p Aa Ct ,$ 16.800.000,2008
45.000 Km, Chevrolet Aveo Sd Mt 1600cc 4p Aa ,$ 16.000.000,2009
150.000 Km, Chevrolet Aveo ,$ 14.800.000,2006
36.000 Km, Chevrolet Aveo Family Mt 1400cc Sa ,$ 17.000.000,2011
95.000 Km, Chevrolet Aveo 2008 ,$ 14.990.000,2008
44.000 Km, Chevrolet Aveo ,$ 18.500.000,2011
106.000 Km, Chevrolet Aveo ,$ 16.000.000,2008
73.000 Km, Chevrolet Aveo ,$ 17.500.000,2009
65.000 Km, Chevrolet Aveo Family Mt 1500cc 4p Sa ,$ 17.200.000,2011
64.000 Km, Chevrolet Aveo ,$ 21.000.000,2011
68.800 Km, Chevrolet Aveo ,$ 16.700.000,2009
71.000 Km, Chevrolet Aveo ,$ 18.000.000,2011
19.219 Km, Chevrolet Aveo Family Mt 1500cc 4p Sa ,$ 17.500.000,2013
60.000 Km, Chevrolet Aveo Family Mt 1500cc 4p Sa ,$ 17.000.000,2010
110.000 Km, Chevrolet Aveo Five Mt 1600cc 5p Aa 2ab ,$ 16.800.000,2007
34.000 Km, Chevrolet Aveo Family Mt 1500cc 4p Aa ,$ 19.700.000,2012
71.000 Km, Chevrolet Aveo Gti Limited Mt 1600cc 3p Aa Ct ,$ 17.700.000,2009
67.000 Km, Chevrolet Aveo ,$ 17.200.000,2009
60.000 Km, Chevrolet Aveo Gti ,$ 17.900.000,2009
43.681 Km, Chevrolet Aveo Gti Limited Mt 1600cc 3p Aa Ct ,$ 16.500.000,2008
64.500 Km, Chevrolet Aveo Gti Mt 1600cc 3p Aa ,$ 16.000.000,2009
70.000 Km, Chevrolet Aveo Mt ,$ 15.700.000,2009
99.000 Km, Chevrolet Aveo Gti Mt 1600cc 3p Aa ,$ 15.800.000,2008
52.000 Km, Chevrolet Aveo Family Mt 1500cc 4p Sa ,$ 18.800.000,2013
34.000 Km, Chevrolet Aveo ,$ 18.000.000,2009
99.000 Km, Chevrolet Aveo Gti Limited Edicion Especial Mt... ,$ 18.400.000,2008
74.000 Km, Chevrolet Aveo Five Mt 1400cc 5p Aa 1ab ,$ 15.500.000,2007
49.804 Km, Chevrolet Aveo 2008 ,$ 20.000.000,2008
34.000 Km, Chevrolet Aveo ,$ 24.600.000,2013
65.000 Km, Chevrolet Aveo Ls Mt 1600cc Aa ,$ 16.500.000,2008
60.884 Km, Chevrolet Aveo 2008 ,$ 15.500.000,2008
69.000 Km, Chevrolet Aveo Ls Mt 1400cc Aa ,$ 15.500.000,2007
95.000 Km, Chevrolet Aveo ,$ 14.700.000,2008
52.000 Km, Chevrolet Aveo Family Mt 1500cc 4p Sa ,$ 17.100.000,2011
155.000 Km, Chevrolet Aveo Ls Mt 1400cc Aa ,$ 14.300.000,2007
37.000 Km, Chevrolet Aveo ,$ 23.000.000,2013
97.000 Km, Chevrolet Aveo 2008 ,$ 17.000.000,2008
72.000 Km, Chevrolet Aveo Gti Mt 1600cc 3p Aa ,$ 16.000.000,2008
94.000 Km, Chevrolet Aveo ,$ 13.600.000,2007
36.500 Km, Chevrolet Aveo Gti Mt 1400cc 3p Sa ,$ 17.500.000,2006
63.200 Km, Chevrolet Aveo Gti Mt 1600cc 3p Sa ,$ 15.700.000,2009
87.000 Km, Chevrolet Aveo Family Mt 1500cc 4p Sa ,$ 16.000.000,2011
32.000 Km, Chevrolet Aveo Gti Mt 1600cc 3p Aa ,$ 22.500.000,2012
16.200 Km, Chevrolet Aveo ,$ 24.800.000,2013
24.000 Km, Chevrolet Aveo Family Mt 1500cc 4p Aa ,$ 18.000.000,2012
58.000 Km, Chevrolet Aveo Family Mt 1500cc 4p Sa ,$ 16.200.000,2011
12.000 Km, Chevrolet Aveo Gti ,$ 31.000.000,2012
67.000 Km, Chevrolet Aveo Ls Mt 1600cc Aa ,$ 16.800.000,2010
148.117 Km, Chevrolet Aveo ,$ 18.200.000,2009
30.825 Km, Chevrolet Aveo ,$ 30.825.000,2013
32.000 Km, Chevrolet Aveo Family Mt 1500cc 4p Sa ,$ 18.400.000,2013
47.000 Km, Chevrolet Aveo Family Mt 1500cc 4p Sa ,$ 17.900.000,2012
51.000 Km, Chevrolet Aveo ,$ 18.500.000,2010
137.000 Km, Chevrolet Aveo ,$ 15.500.000,2007
76.000 Km, Chevrolet Aveo Ls Mt 1400cc Aa ,$ 15.800.000,2007
34.000 Km, Chevrolet Aveo Gti Limited Mt 1400cc 3p Aa Ct ,$ 25.900.000,2007
18.000 Km, Chevrolet Aveo Family Mt 1500cc 4p Aa ,$ 19.500.000,2012
57.000 Km, Chevrolet Aveo Sd Mt 1400cc 4p Aa ,$ 27.500.000,2012
23.000 Km, Chevrolet Aveo Sd At 1600cc 4p Aa ,$ 23.800.000,2013
50.000 Km, Chevrolet Aveo Five Mt 1600cc 5p Aa 2ab ,$ 17.500.000,2008
80.228 Km, Chevrolet Aveo ,$ 19.000.000,2010
128.000 Km, Chevrolet Aveo ,$ 17.500.000,2009
87.000 Km, Chevrolet Aveo Gti Mt 1600cc 3p Aa ,$ 17.400.000,2008
55.000 Km, Chevrolet Aveo Five At 1600cc 5p Ven ,$ 17.500.000,2009
84.939 Km, Chevrolet Aveo Mt ,$ 20.900.000,2010
84.939 Km, Chevrolet Aveo Mt ,$ 20.900.000,2010
46.496 Km, Chevrolet Aveo Sd Mt 1600cc 4p Aa ,$ 21.900.000,2012
40.000 Km, Chevrolet Aveo Ls Mt 1600cc Aa ,$ 24.900.000,2013
71.000 Km, Chevrolet Aveo Sd Mt 1600cc 4p Aa ,$ 16.300.000,2009
62.000 Km, Chevrolet Aveo Gti Mt 1600cc 3p Aa ,$ 16.500.000,2009
62.000 Km, Chevrolet Aveo Ls Mt 1600cc Aa ,$ 16.500.000,2009
67.460 Km, Chevrolet Aveo Gti Limited Edicion Especial Mt... ,$ 20.500.000,2009
65.995 Km, Chevrolet Aveo Five Mt 1600cc 5p Sa 1ab ,$ 17.900.000,2008
82.000 Km, Chevrolet Aveo Sd Mt 1600cc 4p Aa ,$ 21.500.000,2010
139.686 Km, Chevrolet Aveo Ls Mt 1600cc Aa ,$ 15.800.000,2006
112.137 Km, Chevrolet Aveo ,$ 15.800.000,2008
99.800 Km, Chevrolet Aveo Mt ,$ 16.000.000,2008
45.600 Km, Chevrolet Aveo Family Mt 1500cc 4p Sa ,$ 17.900.000,2011
86.500 Km, Chevrolet Aveo Ls Mt 1400cc Aa ,$ 14.500.000,2006
67.810 Km, Chevrolet Aveo Sd Mt 1600cc 4p Aa ,$ 18.800.000,2010
31.000 Km, Chevrolet Aveo Ls Mt 1600cc Aa ,$ 23.800.000,2013
86.000 Km, Chevrolet Aveo Ls Mt 1600cc Aa ,$ 16.500.000,2009
63.749 Km, Chevrolet Aveo Sd Mt 1600cc 4p Aa ,$ 22.500.000,2011
29.826 Km, Chevrolet Aveo Gti Mt 1600cc 3p Aa ,$ 17.600.000,2008
44.633 Km, Chevrolet Aveo Mt ,$ 23.500.000,2012
57.035 Km, Chevrolet Aveo Ls Mt 1600cc Aa ,$ 23.900.000,2012
68.000 Km, Chevrolet Aveo Ls Mt 1600cc Aa ,$ 19.900.000,2012
68.000 Km, Chevrolet Aveo Family Mt 1500cc 4p Aa ,$ 18.000.000,2011
57.000 Km, Chevrolet Aveo Five Mt 1600cc 5p Aa 2ab ,$ 18.300.000,2009
89.000 Km, Chevrolet Aveo Gti Mt 1400cc 3p Aa ,$ 17.600.000,2008
116.800 Km, Chevrolet Aveo ,$ 15.000.000,2008
52.000 Km, Chevrolet Aveo Family Mt 1600cc 4p Aa ,$ 19.000.000,2010
70.000 Km, Chevrolet Aveo Emotion 1.6l Mt Aa 1ab ,$ 16.500.000,2008
56.000 Km, Chevrolet Aveo Gti Limited Mt 1600cc 3p Aa Ct ,$ 18.000.000,2009
76.500 Km, Chevrolet Aveo Ls Mt 1400cc Aa ,$ 15.800.000,2007
44.000 Km, Chevrolet Aveo Ls Mt 1600cc Aa ,$ 18.500.000,2010
41.000 Km, Chevrolet Aveo Five Mt 1400cc 5p Sa 1ab ,$ 21.000.000,2012
62.800 Km, Chevrolet Aveo Ls Mt 1600cc Aa ,$ 18.000.000,2010
63.000 Km, Chevrolet Aveo Ls Mt 1600cc Aa ,$ 18.500.000,2011
39.000 Km, Chevrolet Aveo Sd Mt 1600cc 4p Aa ,$ 24.900.000,2013
54.000 Km, Chevrolet Aveo Sd Mt 1600cc 4p Aa ,$ 19.900.000,2009
71.337 Km, Chevrolet Aveo Family Mt 1500cc 4p Sa ,$ 16.300.000,2010
90.000 Km, Chevrolet Aveo Ls Mt 1600cc Aa ,$ 15.000.000,2008
99.561 Km, Chevrolet Aveo ,$ 20.500.000,2010
104.784 Km, Chevrolet Aveo ,$ 18.000.000,2009
67.270 Km, Chevrolet Aveo ,$ 21.000.000,2011
58.000 Km, Chevrolet Aveo Sd Mt 1600cc 4p Aa ,$ 20.900.000,2010
21.000 Km, Chevrolet Aveo Mt ,$ 23.800.000,2013
34.500 Km, Chevrolet Aveo Sd Mt 1600cc 4p Aa ,$ 22.000.000,2010
66.928 Km, Chevrolet Aveo Gti Mt 1600cc 3p Aa ,$ 19.800.000,2008
66.000 Km, Chevrolet Aveo Family Mt 1600cc 4p Aa ,$ 19.000.000,2011
56.235 Km, Chevrolet Aveo Emotion Gt I 1.6l Mt 3 P Aa ,$ 22.000.000,2010
76.265 Km, Chevrolet Aveo Ls Mt 1600cc Aa ,$ 17.200.000,2009
43.000 Km, Chevrolet Aveo Ls Mt 1600cc Aa ,$ 23.900.000,2012
43.000 Km, Chevrolet Aveo Family Mt 1500cc 4p Sa ,$ 21.900.000,2013
66.000 Km, Chevrolet Aveo Sd Mt 1600cc 4p Aa ,$ 19.900.000,2011
43.000 Km, Chevrolet Aveo Family Mt 1500cc 4p Aa ,$ 17.900.000,2012
27.000 Km, Chevrolet Aveo Sd Mt 1600cc 4p Aa ,$ 25.900.000,2013
104.172 Km, Chevrolet Aveo Ls Mt 1600cc Aa ,$ 19.500.000,2010
56.000 Km, Chevrolet Aveo Five Mt 1400cc 5p Aa 1ab ,$ 18.000.000,2008
56.111 Km, Chevrolet Aveo Family Mt 1500cc 4p Sa ,$ 23.500.000,2013
33.100 Km, Chevrolet Aveo Family Mt 1500cc 4p Aa ,$ 22.000.000,2013
33.000 Km, Chevrolet Aveo Sd Mt 1600cc 4p Aa ,$ 23.900.000,2013
42.000 Km, Chevrolet Aveo Sd Mt 1600cc 4p Aa ,$ 21.900.000,2011
41.000 Km, Chevrolet Aveo Ls Mt 1600cc Aa ,$ 20.500.000,2011
68.000 Km, Chevrolet Aveo Gti Mt 1600cc 3p Aa ,$ 18.200.000,2008
42.000 Km, Chevrolet Aveo Sd Mt 1600cc 4p Aa ,$ 23.500.000,2012
87.000 Km, Chevrolet Aveo Sd Mt 1600cc 4p Aa ,$ 19.900.000,2009
49.000 Km, Chevrolet Aveo Sd Mt 1600cc 4p Aa ,$ 21.900.000,2011
50.000 Km, Chevrolet Aveo Ls Mt 1600cc Aa ,$ 19.000.000,2011
125.635 Km, Chevrolet Aveo Mt ,$ 19.000.000,2008
39.000 Km, Chevrolet Aveo Ls Mt 1600cc Aa ,$ 20.000.000,2012
95.047 Km, Chevrolet Aveo Mt ,$ 21.900.000,2012
200.000 Km, Chevrolet Aveo Ls Mt 1400cc Aa ,$ 16.500.000,2007
41.150 Km, Chevrolet Aveo Emotion 1.6l At Aa 2ababs ,$ 24.900.000,2013
57.870 Km, Chevrolet Aveo Gti Mt 1600cc 3p Sa ,$ 17.900.000,2008
44.000 Km, Chevrolet Aveo Emotion Gt I 1.6l Mt 3 P Aa ,$ 21.300.000,2011
39.000 Km, Chevrolet Aveo Family Mt 1600cc 4p Aa ,$ 16.900.000,2009
72.000 Km, Chevrolet Aveo ,$ 19.000.000,2010
51.000 Km, Chevrolet Aveo Sd Mt 1600cc 4p Aa ,$ 22.500.000,2011
70.000 Km, Chevrolet Aveo Sd Mt 1600cc 4p Aa ,$ 19.300.000,2010
70.000 Km, Chevrolet Aveo Sd Mt 1600cc 4p Aa ,$ 17.900.000,2009
51.400 Km, Chevrolet Aveo Family Mt 1500cc 4p Aa ,$ 18.900.000,2012
85.000 Km, Chevrolet Aveo Ls Mt 1600cc Aa ,$ 19.500.000,2009
58.000 Km, Chevrolet Aveo Mt ,$ 19.500.000,2010
65.365 Km, Chevrolet Aveo ,$ 20.000.000,2010
39.000 Km, Chevrolet Aveo Family Mt 1500cc 4p Aa ,$ 21.500.000,2012
47.886 Km, Chevrolet Aveo Family Mt 1500cc 4p Sa ,$ 21.500.000,2012
75.522 Km, Chevrolet Aveo Family Mt 1500cc 4p Aa ,$ 18.500.000,2012
75.080 Km, Chevrolet Aveo Family Mt 1500cc 4p Aa ,$ 18.500.000,2012
43.000 Km, Chevrolet Aveo Family Mt 1500cc 4p Aa ,$ 18.200.000,2011
37.237 Km, Chevrolet Aveo Family Mt 1500cc 4p Aa ,$ 19.800.000,2013
68.000 Km, Chevrolet Aveo Ls Mt 1600cc Aa ,$ 18.300.000,2010
73.000 Km, Chevrolet Aveo Family Mt 1500cc 4p Aa ,$ 17.800.000,2010
70.000 Km, Chevrolet Aveo Sd Mt 1600cc 4p Aa ,$ 18.800.000,2008
62.500 Km, Chevrolet Aveo 2009 ,$ 17.500.000,2009
42.200 Km, Chevrolet Aveo Sd Mt 1600cc 4p Aa ,$ 23.500.000,2012
61.368 Km, Chevrolet Aveo Ls Mt 1600cc Aa ,$ 18.000.000,2008
47.200 Km, Chevrolet Aveo Family Mt 1500cc 4p Aa ,$ 21.500.000,2012
48.045 Km, Chevrolet Aveo Sd Mt 1600cc 4p Aa ,$ 23.500.000,2012
39.600 Km, Chevrolet Aveo Ls Mt 1600cc Aa ,$ 20.500.000,2011
111.742 Km, Chevrolet Aveo Ls Mt 1600cc Aa ,$ 20.500.000,2011
80.013 Km, Chevrolet Aveo Ls Mt 1600cc Aa ,$ 21.500.000,2012
93.000 Km, Chevrolet Aveo Sd Mt 1600cc 4p Aa ,$ 16.500.000,2008
69.236 Km, Chevrolet Aveo Sd Mt 1600cc 4p Aa ,$ 20.990.000,2011
93.103 Km, Chevrolet Aveo Sd Mt 1400cc 4p Aa ,$ 15.500.000,2007
64.735 Km, Chevrolet Aveo Gti Limited Mt 1600cc 3p Aa Ct ,$ 16.500.000,2008
113.310 Km, Chevrolet Aveo Sd Mt 1400cc 4p Sa ,$ 15.500.000,2007
55.304 Km, Chevrolet Aveo Sd Mt 1600cc 4p Aa ,$ 21.500.000,2012
35.000 Km, Chevrolet Aveo Limited ,$ 18.000.000,2007
40.000 Km, Chevrolet Aveo Family ,$ 20.000.000,2011
49.373 Km, Chevrolet Aveo Family Mt 1500cc 4p Sa ,$ 19.990.000,2013
68.844 Km, Chevrolet Aveo Sd Mt 1600cc 4p Aa ,$ 19.800.000,2011
77.123 Km, Chevrolet Aveo Sd Mt 1600cc 4p Aa ,$ 18.500.000,2010
61.337 Km, Chevrolet Aveo Five Mt 1600cc 5p Sa 1ab ,$ 16.600.000,2009
55.136 Km, Chevrolet Aveo Sd Mt 1600cc 4p Aa ,$ 18.200.000,2009
59.640 Km, Chevrolet Aveo Sd Mt 1600cc 4p Aa ,$ 20.800.000,2012
90.300 Km, Chevrolet Aveo Sd Mt 1600cc 4p Aa ,$ 17.500.000,2010
62.439 Km, Chevrolet Aveo Sd Mt 1400cc 4p Aa ,$ 16.300.000,2008
62.690 Km, Chevrolet Aveo Sd Mt 1600cc 4p Aa ,$ 18.500.000,2010
59.245 Km, Chevrolet Aveo Sd Mt 1600cc 4p Aa ,$ 16.800.000,2009
64.404 Km, Chevrolet Aveo Sd Mt 1600cc 4p Aa ,$ 21.400.000,2012
89.146 Km, Chevrolet Aveo Gti Mt 1600cc 3p Aa ,$ 16.500.000,2009
28.277 Km, Chevrolet Aveo Sd Mt 1600cc 4p Aa ,$ 20.800.000,2012
41.161 Km, Chevrolet Aveo Sd Mt 1600cc 4p Aa ,$ 18.100.000,2010
76.523 Km, Chevrolet Aveo Family Mt 1500cc 4p Sa ,$ 17.200.000,2011
41.019 Km, Chevrolet Aveo Family Mt 1500cc 4p Sa ,$ 19.900.000,2013
42.000 Km, Chevrolet Aveo Family Mt 1600cc 4p Aa ,$ 21.800.000,2012
66.507 Km, Chevrolet Aveo Gti Mt 1600cc 3p Aa ,$ 16.400.000,2009
76.955 Km, Chevrolet Aveo Sd Mt 1600cc 4p Aa ,$ 16.800.000,2009
83.599 Km, Chevrolet Aveo Five Mt 1600cc 5p Aa 2ab ,$ 16.300.000,2008
45.008 Km, Chevrolet Aveo Sd Mt 1600cc 4p Aa ,$ 18.300.000,2011
40.582 Km, Chevrolet Aveo Sd Mt 1600cc 4p Aa ,$ 18.300.000,2011
25.500 Km, Chevrolet Aveo Ls Mt 1600cc Aa ,$ 23.500.000,2013
146.786 Km, Chevrolet Aveo Mt ,$ 17.500.000,2008
97.595 Km, Chevrolet Aveo Five Mt 1600cc 5p Aa 1ab ,$ 18.000.000,2008
62.999 Km, Chevrolet Aveo Mt ,$ 20.800.000,2011
121.000 Km, Chevrolet Aveo Five Mt 1400cc 5p Aa 1ab ,$ 16.000.000,2008
36.000 Km, Chevrolet Aveo Emotion Gt 1.6l Mt 5p Aa 1ab ,$ 23.500.000,2012
62.000 Km, Chevrolet Aveo Sd Mt 1400cc 4p Aa ,$ 18.900.000,2009
79.000 Km, Chevrolet Aveo Gti Limited Mt 1600cc 3p Aa Ct ,$ 16.400.000,2008
67.000 Km, Chevrolet Aveo Ls Mt 1600cc Aa ,$ 20.900.000,2011
44.000 Km, Chevrolet Aveo Family Mt 1500cc 4p Sa ,$ 21.200.000,2012
42.000 Km, Chevrolet Aveo Sd Mt 1600cc 4p Aa ,$ 19.900.000,2009
33.000 Km, Chevrolet Aveo Family Mt 1500cc 4p Sa ,$ 20.900.000,2012
83.475 Km, Chevrolet Aveo ,$ 17.500.000,2008
73.000 Km, Chevrolet Aveo Sd Mt 1600cc 4p Aa ,$ 22.500.000,2011
49.000 Km, Chevrolet Aveo Sd Mt 1600cc 4p Aa ,$ 21.900.000,2011
54.000 Km, Chevrolet Aveo Sd Mt 1600cc 4p Aa ,$ 19.900.000,2009
60.000 Km, Chevrolet Aveo Sd Mt 1600cc 4p Aa ,$ 19.900.000,2009
36.000 Km, Chevrolet Aveo Sd Mt 1600cc 4p Aa ,$ 23.500.000,2012
100.000 Km, Chevrolet Aveo Ls Mt 1600cc Aa ,$ 16.500.000,2008
82.891 Km, Chevrolet Aveo Mt ,$ 17.900.000,2008
42.500 Km, Chevrolet Aveo Family Mt 1500cc 4p Sa ,$ 17.900.000,2012
38.460 Km, Chevrolet Aveo Sd Mt 1600cc 4p Aa ,$ 20.800.000,2012
68.230 Km, Chevrolet Aveo Family Mt 1500cc 4p Aa ,$ 18.500.000,2012
126.360 Km, Chevrolet Aveo ,$ 18.500.000,2010
30.333 Km, Chevrolet Aveo Family Mt 1500cc 4p Sa ,$ 20.500.000,2012
62.000 Km, Chevrolet Aveo Family Mt 1500cc 4p Aa ,$ 16.900.000,2010
97.668 Km, Chevrolet Aveo Five Mt 1600cc 5p Aa 2ab ,$ 18.900.000,2008
40.000 Km, Chevrolet Aveo Ls Mt 1600cc Aa ,$ 20.300.000,2013
67.391 Km, Chevrolet Aveo Sd Mt 1600cc 4p Aa ,$ 19.500.000,2012
67.000 Km, Chevrolet Aveo Family Mt 1500cc 4p Sa ,$ 16.300.000,2010
94.659 Km, Chevrolet Aveo ,$ 16.500.000,2008
71.420 Km, Chevrolet Aveo Gti Mt 1600cc 3p Aa ,$ 17.500.000,2009
76.000 Km, Chevrolet Aveo Sd Mt 1600cc 4p Aa ,$ 16.000.000,2008
50.000 Km, Chevrolet Aveo Family Mt 1600cc 4p Aa ,$ 21.500.000,2012
48.000 Km, Chevrolet Aveo Mt ,$ 20.900.000,2012
60.291 Km, Chevrolet Aveo Gti Limited Mt 1600cc 3p Aa Ct ,$ 19.500.000,2009
61.951 Km, Chevrolet Aveo Mt ,$ 20.900.000,2011
47.000 Km, Chevrolet Aveo Family Mt 1500cc 4p Aa ,$ 19.500.000,2012
44.428 Km, Chevrolet Aveo Sd Mt 1600cc 4p Aa ,$ 19.500.000,2012
47.500 Km, Chevrolet Aveo Gti Limited Mt 1600cc 3p Aa Ct ,$ 18.900.000,2009
53.608 Km, Chevrolet Aveo Family Mt 1500cc 4p Sa ,$ 17.200.000,2011
52.000 Km, Chevrolet Aveo Sd Mt 1600cc 4p Aa ,$ 18.600.000,2010
61.000 Km, Chevrolet Aveo Gti Limited Mt 1600cc 3p Aa Ct ,$ 16.800.000,2009
43.000 Km, Chevrolet Aveo Sd At 1600cc 4p Aa ,$ 20.500.000,2010
62.000 Km, Chevrolet Aveo Family Mt 1500cc 4p Aa ,$ 17.300.000,2011
53.000 Km, Chevrolet Aveo Sd Mt 1600cc 4p Aa ,$ 23.500.000,2012
174.460 Km, Chevrolet Aveo L Mt 1400cc Aa Abs Ab ,$ 15.500.000,2006
63.000 Km, Chevrolet Aveo Gti Mt 1600cc 3p Aa ,$ 17.000.000,2009
71.860 Km, Chevrolet Aveo Five Mt 1600cc 5p Aa 1ab ,$ 18.500.000,2009
65.000 Km, Chevrolet Aveo Gti Mt 1600cc 3p Aa ,$ 15.900.000,2008
59.000 Km, Chevrolet Aveo Five Mt 1400cc 5p Aa 1ab ,$ 16.900.000,2008
49.000 Km, Chevrolet Aveo Sd Mt 1600cc 4p Aa ,$ 21.900.000,2011
42.000 Km, Chevrolet Aveo Sd At 1600cc 4p Aa ,$ 23.500.000,2012
111.000 Km, Chevrolet Aveo Five Mt 1600cc 5p Aa 2ab ,$ 15.900.000,2007
55.000 Km, Chevrolet Aveo Family Mt 1500cc 4p Aa ,$ 17.500.000,2011
81.200 Km, Chevrolet Aveo Gti Mt 1600cc 3p Aa ,$ 17.700.000,2009
81.588 Km, Chevrolet Aveo Sd Mt 1600cc 4p Aa ,$ 14.800.000,2008
18.249 Km, Chevrolet Aveo Family Mt 1500cc 4p Sa ,$ 19.000.000,2012
64.812 Km, Chevrolet Aveo Sd Mt 1600cc 4p Aa ,$ 18.300.000,2012
65.500 Km, Chevrolet Aveo Family Mt 1500cc 4p Sa ,$ 16.300.000,2011
65.000 Km, Chevrolet Aveo Five Mt 1400cc 5p Sa 1ab ,$ 14.600.000,2007
86.540 Km, Chevrolet Aveo Gti Mt 1400cc 3p Sa ,$ 13.800.000,2007
35.000 Km, Chevrolet Aveo ,$ 21.000.000,2011
42.000 Km, Chevrolet Aveo Gti Mt 1600cc 3p Aa ,$ 18.200.000,2008
66.000 Km, Chevrolet Aveo Ls Mt 1600cc Aa ,$ 18.500.000,2009
45.000 Km, Chevrolet Aveo Ls Mt 1600cc Aa ,$ 20.000.000,2012
24.700 Km, Chevrolet Aveo Sd Mt 1600cc 4p Aa ,$ 23.500.000,2013
168.000 Km, Chevrolet Aveo Ls Mt 1400cc Sa ,$ 13.900.000,2006
55.300 Km, Chevrolet Aveo ,$ 20.000.000,2012
39.126 Km, Chevrolet Aveo Sd Mt 1600cc 4p Aa ,$ 21.000.000,2013
58.000 Km, Chevrolet Aveo Gti Limited Mt 1400cc 3p Aa Ct ,$ 16.500.000,2008
24.000 Km, Chevrolet Aveo Family Mt 1500cc 4p Sa ,$ 19.000.000,2011
28.000 Km, Chevrolet Aveo ,$ 20.000.000,2012
60.600 Km, Chevrolet Aveo Sd Mt 1600cc 4p Aa ,$ 16.500.000,2008
72.000 Km, Chevrolet Aveo Gti Limited Mt 1400cc 3p Aa Ct ,$ 18.000.000,2008
50.000 Km, Chevrolet Aveo Emotion Gt 1.6l Mt 5p Aa 1ab ,$ 20.800.000,2010
33.000 Km, Chevrolet Aveo ,$ 18.200.000,2012
25.000 Km, Chevrolet Aveo Family Mt 1500cc 4p Sa ,$ 22.500.000,2011
59.000 Km, Chevrolet Aveo Ls Mt 1600cc Aa ,$ 18.500.000,2010
48.000 Km, Chevrolet Aveo Sd Mt 1600cc 4p Aa ,$ 19.500.000,2011
38.000 Km, Chevrolet Aveo Family Mt 1500cc 4p Sa ,$ 19.500.000,2012
72.000 Km, Chevrolet Aveo Ls Mt 1600cc Aa ,$ 16.600.000,2009
50.000 Km, Chevrolet Aveo Sd Mt 1600cc 4p Aa ,$ 20.450.000,2011
94.000 Km, Chevrolet Aveo 2009 ,$ 14.900.000,2009
14.000 Km, Chevrolet Aveo ,$ 20.000.000,2011
31.262 Km, Chevrolet Aveo ,$ 17.200.000,2009
20.000 Km, Chevrolet Aveo ,$ 22.500.000,2012
27.400 Km, Chevrolet Aveo Sd Mt 1600cc 4p Aa ,$ 22.500.000,2012
50.000 Km, Chevrolet Aveo Family Mt 1500cc 4p Aa ,$ 19.500.000,2012
134.000 Km, Chevrolet Aveo Ls Mt 1400cc Aa ,$ 14.800.000,2007
62.000 Km, Chevrolet Aveo Gti Mt 1600cc 3p Aa ,$ 16.900.000,2008
51.151 Km, Chevrolet Aveo ,$ 20.000.000,2012
42.000 Km, Chevrolet Aveo Five Mt 1400cc 5p Aa 1ab ,$ 19.800.000,2009
42.000 Km, Chevrolet Aveo Five Mt 1600cc 5p Aa 2ab ,$ 20.300.000,2009
88.000 Km, Chevrolet Aveo Sd Mt 1600cc 4p Aa ,$ 16.000.000,2008
57.500 Km, Chevrolet Aveo Five Mt 1600cc 5p Aa 2ab ,$ 17.000.000,2008
80.000 Km, Chevrolet Aveo Gti Limited Mt 1400cc 3p Aa Ct ,$ 15.000.000,2007
56.000 Km, Chevrolet Aveo ,$ 16.500.000,2008
118.209 Km, Chevrolet Aveo Ls Mt 1400cc Aa ,$ 16.000.000,2006
71.000 Km, Chevrolet Aveo ,$ 15.300.000,2008
96.000 Km, Chevrolet Aveo Gti Mt 1400cc 3p Aa ,$ 16.800.000,2008
50.500 Km, Chevrolet Aveo Sd Mt 1600cc 4p Aa ,$ 19.999.000,2010
40.000 Km, Chevrolet Aveo Family Mt 1600cc 4p Aa ,$ 19.900.000,2011
59.435 Km, Chevrolet Aveo Ls Mt 1400cc Sa ,$ 15.400.000,2008
23.000 Km, Chevrolet Aveo Ls Mt 1600cc Aa ,$ 23.000.000,2013
47.000 Km, Chevrolet Aveo Gti Limited Mt 1600cc 3p Aa Ct ,$ 17.500.000,2008
93.859 Km, Chevrolet Aveo Sd At 1600cc 4p Aa ,$ 17.000.000,2009
56.000 Km, Chevrolet Aveo Emotion Gt I 1.6l Mt 3 P Aa ,$ 21.000.000,2010
75.000 Km, Chevrolet Aveo Family Mt 1500cc 4p Aa ,$ 19.000.000,2011
80.000 Km, Chevrolet Aveo Five Mt 1600cc 5p Aa 1ab ,$ 16.900.000,2009
16.500 Km, Chevrolet Aveo ,$ 18.500.000,2011
89.964 Km, Chevrolet Aveo Gti Limited Mt 1400cc 3p Aa Ct ,$ 14.400.000,2007
72.050 Km, Chevrolet Aveo ,$ 16.500.000,2009
80.000 Km, Chevrolet Aveo Emotion 1.6l Mt Aa 1ab ,$ 18.600.000,2008
21.800 Km, Chevrolet Aveo Family Mt 1500cc 4p Sa ,$ 21.000.000,2013
86.000 Km, Chevrolet Aveo Gti Limited Mt 1600cc 3p Aa Ct ,$ 17.000.000,2009
36.350 Km, Chevrolet Aveo ,$ 19.000.000,2009
68.900 Km, Chevrolet Aveo Family Mt 1600cc 4p Aa ,$ 17.000.000,2010
100.000 Km, Chevrolet Aveo Gti Limited Mt 1400cc 3p Aa Ct ,$ 15.500.000,2008
71.000 Km, Chevrolet Aveo Mt ,$ 15.500.000,2007
56.615 Km, Chevrolet Aveo Family Mt 1500cc 4p Aa ,$ 19.500.000,2012
100.000 Km, Chevrolet Aveo Sd Mt 1400cc 4p Aa ,$ 14.200.000,2006
63.406 Km, Chevrolet Aveo ,$ 18.000.000,2009
29.000 Km, Chevrolet Aveo ,$ 19.500.000,2011
28.414 Km, Chevrolet Aveo 2012 ,$ 25.000.000,2012
70.000 Km, Chevrolet Aveo Sd Mt 1600cc 4p Aa ,$ 19.900.000,2010
76.000 Km, Chevrolet Aveo Five Mt 1600cc 5p Aa 1ab ,$ 16.300.000,2008
66.000 Km, Chevrolet Aveo Family Mt 1500cc 4p Sa ,$ 16.500.000,2010
41.500 Km, Chevrolet Aveo Sd Mt 1600cc 4p Aa ,$ 19.900.000,2011
57.000 Km, Chevrolet Aveo 2013 ,$ 19.000.000,2013
67.000 Km, Chevrolet Aveo 2012 ,$ 24.200.000,2012
62.000 Km, Chevrolet Aveo 2010 ,$ 16.500.000,2010
82.200 Km, Chevrolet Aveo 2007 ,$ 15.000.000,2007
121.000 Km, Chevrolet Aveo 2007 ,$ 14.000.000,2007
